Country Name,Country Code
Angola,AGO
Armenia,ARM
Australia,AUS
Austria,AUT
Azerbaijan,AZE
Belgium,BEL
Bulgaria,BGR
Belarus,BLR
Bolivia,BOL
Brazil,BRA
Canada,CAN
Switzerland,CHE
Chile,CHL
China,CHN
Cameroon,CMR
Colombia,COL
Costa Rica,CRI
Czech Republic,CZE
Germany,DEU
Denmark,DNK
Algeria,DZA
Ecuador,ECU
Spain,ESP
Finland,FIN
France,FRA
United Kingdom,GBR
Georgia,GEO
Greece,GRC
Guatemala,GTM
Hungary,HUN
Indonesia,IDN
India,IND
Ireland,IRL
"Iran, Islamic Rep.",IRN
Israel,ISR
Italy,ITA
Jordan,JOR
Japan,JPN
Kazakhstan,KAZ
Kenya,KEN
Cambodia,KHM
"Korea, Rep.",KOR
Lebanon,LBN
Morocco,MAR
Mexico,MEX
Mali,MLI
Mongolia,MNG
Mozambique,MOZ
Malaysia,MYS
Nigeria,NGA
Nicaragua,NIC
Netherlands,NLD
Norway,NOR
Nepal,NPL
New Zealand,NZL
Panama,PAN
Peru,PER
Philippines,PHL
Poland,POL
Portugal,PRT
Paraguay,PRY
Romania,ROU
Russian Federation,RUS
Rwanda,RWA
Senegal,SEN
Singapore,SGP
El Salvador,SLV
Sweden,SWE
Thailand,THA
Turkey,TUR
Uganda,UGA
Ukraine,UKR
Uruguay,URY
United States,USA
World,WLD
